"id";"page";"site_title";"original_file_name";"extension";"url";"download_status";"direction";"package";"content_short";"year";"proposed_name";"ocr_status";"notes"
"1";"1";"Роз’яснення щодо особливостей обліку стаціонарних послуг за п. «Хірургічні операції дорослим та дітям у стаціонарних умовах» та «Хірургічні операції дорослим та дітям в умовах стаціонару одного дня»";"vnI0OHg7UKvJMklzlAsdICwxwIMaFkT601U9TIS3.pdf";"pdf";"https://backend.nszu.gov.ua/storage/application/26/05/13/vnI0OHg7UKvJMklzlAsdICwxwIMaFkT601U9TIS3.pdf";"не завантажено";"";"";"";"";"";"";""
"2";"1";"Додаток 1 до роз’яснення щодо особливостей обліку стаціонарних послуг за п. «Хірургічні операції дорослим та дітям у стаціонарних умовах» та «Хірургічні операції дорослим та дітям в умовах стаціонару одного дня»";"SVuCqCDybEAx0FL8Y7sMKr8Jrnh9L0ULRram1Osd.xlsx";"xlsx";"https://backend.nszu.gov.ua/storage/application/26/05/13/SVuCqCDybEAx0FL8Y7sMKr8Jrnh9L0ULRram1Osd.xlsx";"не завантажено";"";"";"";"";"";"";""
"3";"1";"Додатковий лист-роз'яснення щодо дати і часу внесення ЕМЗ";"8lZvGZCRYmkdJ5wkQxI3F8qfPri2j1pJ9Mx6Iw0W.pdf";"pdf";"https://backend.nszu.gov.ua/storage/application/26/05/04/8lZvGZCRYmkdJ5wkQxI3F8qfPri2j1pJ9Mx6Iw0W.pdf";"не завантажено";"";"";"";"";"";"";""
"4";"1";"Додатково до листа по Алгоритму кодування та внесення даних в ЕСОЗ межах пакету «Медична допомога при пологах» в розрізі передчасних пологів.";"3yj6SsW2AqnKIgKUay65nsrqIAtkdJcnSu1gDRD6.pdf";"pdf";"https://backend.nszu.gov.ua/storage/application/26/04/30/3yj6SsW2AqnKIgKUay65nsrqIAtkdJcnSu1gDRD6.pdf";"не завантажено";"";"";"";"";"";"";""
"5";"1";"Уточнюючі роз’яснення щодо правил обліку та кодування надання медичних послуг за сервісами пакету «Профілактика, діагностика, спостереження та лікування в амбулаторних умовах» у 2026 році";"lx83gL4OV6kNUFDvTDVAXwesNkw4mImjZKInNpsy.pdf";"pdf";"https://backend.nszu.gov.ua/storage/application/26/04/28/lx83gL4OV6kNUFDvTDVAXwesNkw4mImjZKInNpsy.pdf";"не завантажено";"";"";"";"";"";"";""
"6";"1";"Додаток 1";"LU2dY5xQGNoIAx16rPLNeCcJ1fVdaVV6zDoH0mac.xlsx";"xlsx";"https://backend.nszu.gov.ua/storage/application/26/04/29/LU2dY5xQGNoIAx16rPLNeCcJ1fVdaVV6zDoH0mac.xlsx";"не завантажено";"";"";"";"";"";"";""
"7";"1";"Додаток 2";"YJNi4twBxuBJfHEAbAlSSlFK3SwHI6OVSzsASxC6.xlsx";"xlsx";"https://backend.nszu.gov.ua/storage/application/26/04/28/YJNi4twBxuBJfHEAbAlSSlFK3SwHI6OVSzsASxC6.xlsx";"не завантажено";"";"";"";"";"";"";""
"8";"1";"Роз’яснення щодо принципу оплати послуг за пакетом медичних послуг «Довготривалий медичний догляд окремим категоріям осіб, які захищали незалежність, суверенітет та територіальну цілісність України», а також щодо правил ведення електронних медичних записів (далі – ЕМЗ) в електронній системі охорони здоров’я (далі - ЕСОЗ)";"IjV4z50Ct4ZZB5twFxxdJKt6aJ2QJauCY65Bthoo.pdf";"pdf";"https://backend.nszu.gov.ua/storage/application/26/04/16/IjV4z50Ct4ZZB5twFxxdJKt6aJ2QJauCY65Bthoo.pdf";"не завантажено";"";"";"";"";"";"";""
"9";"1";"Роз'яснення щодо особливостей реалізації програми державних гарантій медичного обслуговування населення у 2026 році";"6BYt4zKH5NTlYe1pVSUrj02BOzKpjzY84SAGr4QT.pdf";"pdf";"https://backend.nszu.gov.ua/storage/application/26/04/10/6BYt4zKH5NTlYe1pVSUrj02BOzKpjzY84SAGr4QT.pdf";"не завантажено";"";"";"";"";"";"";""
"10";"1";"Роз’яснення щодо обліку наданих послуг в електронній системі охорони здоров’я (далі – ЕСОЗ) та критеріїв віднесення випадків надання реабілітаційної допомоги до послуг пакету «Реабілітаційна допомога дорослим і дітям у амбулаторних умовах»";"O1JWfIHc5VByZuilsqHmk7HeIppHbYCPIbKiy6fT.pdf";"pdf";"https://backend.nszu.gov.ua/storage/application/26/04/02/O1JWfIHc5VByZuilsqHmk7HeIppHbYCPIbKiy6fT.pdf";"не завантажено";"";"";"";"";"";"";""
"11";"1";"Роз’яснення щодо правил обліку та кодування надання медичних послуг за сервісом «Лабораторна діагностика» пакету «Профілактика, діагностика, спостереження та лікування в амбулаторних умовах».";"KaXPUXZmThrPoejwDYLLcln1vUQUN9dgDz0POwnl.pdf";"pdf";"https://backend.nszu.gov.ua/storage/application/26/04/01/KaXPUXZmThrPoejwDYLLcln1vUQUN9dgDz0POwnl.pdf";"не завантажено";"";"";"";"";"";"";""
"12";"1";"Додаток 1 до роз’яснення щодо правил обліку та кодування надання медичних послуг за сервісом «Лабораторна діагностика» пакету «Профілактика, діагностика, спостереження та лікування в амбулаторних умовах».";"ZQgsoVUKlv5PmyFVvpoy0Plyhb4Qehu7TpndtlEO.xlsx";"xlsx";"https://backend.nszu.gov.ua/storage/application/25/09/10/ZQgsoVUKlv5PmyFVvpoy0Plyhb4Qehu7TpndtlEO.xlsx";"не завантажено";"";"";"";"";"";"";""
"13";"1";"Оновлене роз’яснення щодо правил ведення електронних медичних записів (далі – ЕМЗ) в електронній системі охорони здоров’я (далі - ЕСОЗ) за пакетом медичних послуг «Медична допомога дітям, які потребують лікування та постійного спостереження»";"TlE179IP6A0hGVwBXnYD1wPQxScdC4Fr8aR7h47G.pdf";"pdf";"https://backend.nszu.gov.ua/storage/application/26/03/13/TlE179IP6A0hGVwBXnYD1wPQxScdC4Fr8aR7h47G.pdf";"не завантажено";"";"";"";"";"";"";""
"14";"1";"Роз'яснення щодо звітування про проведене виправлення та верифікацію електронних медичних записів, та щодо послуг, оплачених за рахунок коштів інших джерел";"Oo0s58nB4DzNKyvF3aH2nVPJHvI447xdXmMuHLHk.pdf";"pdf";"https://backend.nszu.gov.ua/storage/application/26/03/02/Oo0s58nB4DzNKyvF3aH2nVPJHvI447xdXmMuHLHk.pdf";"не завантажено";"";"";"";"";"";"";""
"15";"1";"Роз'яснення щодо тендеру внесення змін 2026 ПМД";"JPbqdZ5ELq9tlcLrsi6vPmcDknGsUymCiBxurIC4.pdf";"pdf";"https://backend.nszu.gov.ua/storage/application/26/02/23/JPbqdZ5ELq9tlcLrsi6vPmcDknGsUymCiBxurIC4.pdf";"не завантажено";"";"";"";"";"";"";""
"16";"1";"Роз’яснення щодо принципу оплати та правила обліку послуг за пакетом медичних послуг «Медична реабілітація немовлят, які народились передчасно та/або хворими»";"xIYsZVmJPND02yieOgtG1LogPvH2YOy8XTa4UttS.pdf";"pdf";"https://backend.nszu.gov.ua/storage/application/26/02/13/xIYsZVmJPND02yieOgtG1LogPvH2YOy8XTa4UttS.pdf";"не завантажено";"";"";"";"";"";"";""
"17";"1";"Роз'яснення щодо відповідності надавача медичних послуг з надання первинної медичної допомоги додатковим вимогам до обсягу медичних послуг із супроводу та лікування дорослих та дітей, хворих на туберкульоз, на первинному рівні медичної допомоги";"albYTIWki0JhSht8MKSST76UXbKHLi8vmRBBZnqh.pdf";"pdf";"https://backend.nszu.gov.ua/storage/application/26/02/02/albYTIWki0JhSht8MKSST76UXbKHLi8vmRBBZnqh.pdf";"не завантажено";"";"";"";"";"";"";""
"18";"1";"Роз’яснення щодо принципу оплати послуг за пакетом медичних послуг «Медична допомога дітям, які потребують лікування та постійного спостереження», а також щодо правил ведення електронних медичних записів (далі – ЕМЗ) в електронній системі охорони здоров’я (далі - ЕСОЗ)";"v0DqE3qGSdYempcWpSrX1bBHTeeISovpnmrMzjfV.pdf";"pdf";"https://backend.nszu.gov.ua/storage/application/26/01/14/v0DqE3qGSdYempcWpSrX1bBHTeeISovpnmrMzjfV.pdf";"не завантажено";"";"";"";"";"";"";""
"19";"1";"Роз’яснення щодо застосування поняття «курсова доза» при наданні та обліку медичних послуг за пакетом «Радіологічне лікування та супровід пацієнтів з онкологічними захворюваннями в стаціонарних та амбулаторних умовах»";"a522ErgeKADyREDlv9jv5uk02wBNScboXjgdb91X.pdf";"pdf";"https://backend.nszu.gov.ua/storage/application/26/01/14/a522ErgeKADyREDlv9jv5uk02wBNScboXjgdb91X.pdf";"не завантажено";"";"";"";"";"";"";""
"20";"1";"Роз'яснення про відкриття оголошення про укладення договору про медичне обслуговування населення за програмою медичних гарантій щодо надання медичних послуг за напрямом «Первинна медична допомога» на 2026 рік";"N2TaLt87LdtUjWGbCjZMyEnIjgHoyxrUC8iBNvWn.pdf";"pdf";"https://backend.nszu.gov.ua/storage/application/26/01/12/N2TaLt87LdtUjWGbCjZMyEnIjgHoyxrUC8iBNvWn.pdf";"не завантажено";"";"";"";"";"";"";""
"21";"1";"Інформування щодо кодування діагнозів/інтервенцій у електронних медичних записах про надання медичних послуг в стаціонарних умовах (автоматичний моніторинг у 2026 році)";"A0L6MSaLOVTyQid2EDRX2EGCOey1T9VFGC8eRSLY.pdf";"pdf";"https://backend.nszu.gov.ua/storage/application/26/01/08/A0L6MSaLOVTyQid2EDRX2EGCOey1T9VFGC8eRSLY.pdf";"не завантажено";"";"";"";"";"";"";""
"22";"1";"Роз'яснення щодо переліку каналів, за якими надавачі медичних послуг можуть повідомити про можливі порушення антикорупційного законодавства працівниками НСЗУ.pdf";"KwDg2t7ctkZDW5OfA3czUYEEGUSHURJmV7oWSQdC.pdf";"pdf";"https://backend.nszu.gov.ua/storage/application/25/11/12/KwDg2t7ctkZDW5OfA3czUYEEGUSHURJmV7oWSQdC.pdf";"не завантажено";"";"";"";"";"";"";""
"23";"1";"Роз'яснення щодо виконання вимог Порядку реалізації експериментального проекту щодо оплати закладам охорони здоров’я послуги довготривалого медсестринського догляду внутрішньо переміщених осіб";"DQRHZUTt6BcOZjQtnSINx1nxmCtUjIuYyDJXNa1T.pdf";"pdf";"https://backend.nszu.gov.ua/storage/application/25/11/07/DQRHZUTt6BcOZjQtnSINx1nxmCtUjIuYyDJXNa1T.pdf";"не завантажено";"";"";"";"";"";"";""
"24";"1";"Роз'яснення щодо змін у пакеті «Медичний огляд осіб, який організовується територіальними центрами комплектування та соціальної підтримки»";"PxkLQ2bdoo4AVzRGXlnaYj3pVghQTCQ8VdXdBSbB.pdf";"pdf";"https://backend.nszu.gov.ua/storage/application/25/11/05/PxkLQ2bdoo4AVzRGXlnaYj3pVghQTCQ8VdXdBSbB.pdf";"не завантажено";"";"";"";"";"";"";""
"25";"1";"Роз'яснення щодо підготовки до контрактування на 2026 рік в частині реєстрації медичного обладнання";"YrSRfVyBAEsh9BP2qoF6nnSqVeGFuNQlGjGO3oXA.pdf";"pdf";"https://backend.nszu.gov.ua/storage/application/25/10/30/YrSRfVyBAEsh9BP2qoF6nnSqVeGFuNQlGjGO3oXA.pdf";"не завантажено";"";"";"";"";"";"";""
"26";"1";"Роз'яснення щодо змін у форму зубопротезування і зуболікування - додано вкладку для заповнення «Бранці»";"aLePetsg6ogsUdOVl57aF3JhEWIqZ6n9ObXY04fj.pdf";"pdf";"https://backend.nszu.gov.ua/storage/application/25/10/23/aLePetsg6ogsUdOVl57aF3JhEWIqZ6n9ObXY04fj.pdf";"не завантажено";"";"";"";"";"";"";""
"27";"1";"Роз'яснення щодо правил ведення електронних медичних записів в електронній системі охорони здоров'я за експериментальним проектом щодо оплати закладам охорони здоров’я послуги довготривалого медсестринського догляду внутрішньо переміщених осіб";"5JdDMtem12gZ7ctJMFIDns1oh7kKxuzKtB97KWRf.pdf";"pdf";"https://backend.nszu.gov.ua/storage/application/25/10/09/5JdDMtem12gZ7ctJMFIDns1oh7kKxuzKtB97KWRf.pdf";"не завантажено";"";"";"";"";"";"";""
"28";"1";"Роз’яснення щодо застосування правил множинних операцій за пакетом «Хірургічні операції дорослим та дітям у стаціонарних умовах»";"BqTHbrpcx9OT8edJLjAkOsOkv4ENkbLaAlDeTBMC.pdf";"pdf";"https://backend.nszu.gov.ua/storage/application/25/10/09/BqTHbrpcx9OT8edJLjAkOsOkv4ENkbLaAlDeTBMC.pdf";"не завантажено";"";"";"";"";"";"";""
"29";"1";"Додаток 1 до роз’яснення щодо застосування правил множинних операцій за пакетом «Хірургічні операції дорослим та дітям у стаціонарних умовах»";"4z06BZo72zxoyUp7ZzATzbxwYuhQzqYFb0M082Nn.xlsx";"xlsx";"https://backend.nszu.gov.ua/storage/application/25/10/09/4z06BZo72zxoyUp7ZzATzbxwYuhQzqYFb0M082Nn.xlsx";"не завантажено";"";"";"";"";"";"";""
"30";"1";"Роз’яснення щодо запровадження нових правил обліку симультанних (чисельних), повторних та послідовних операціях в межах одного пролікованого випадку за пакетом «Хірургічні операції дорослим та дітям у стаціонарних умовах»";"zmhdWIi7WUWeimTUnf2LWJ5jCtVoocGhInlfP23K.pdf";"pdf";"https://backend.nszu.gov.ua/storage/application/25/09/10/zmhdWIi7WUWeimTUnf2LWJ5jCtVoocGhInlfP23K.pdf";"не завантажено";"";"";"";"";"";"";""
"31";"2";"Роз'яснення щодо внесенні змін до правил щодо визначення послуг за сервісом “Лабораторна діагностика”, та додано правила сервісу «Інструментальна діагностика» пакету медичних послуг «Профілактика, діагностика, спостереження та лікування в амбулаторних умовах» у 2025 році";"3QNoHjCNT7oGRtgMnHBhfvb7CA8V57oMFWaIg2qv.pdf";"pdf";"https://backend.nszu.gov.ua/storage/application/25/09/10/3QNoHjCNT7oGRtgMnHBhfvb7CA8V57oMFWaIg2qv.pdf";"не завантажено";"";"";"";"";"";"";""
"32";"2";"Уточнююче роз'яснення щодо порядку обліку та кодування медичних послуг за пакетом «Профілактика, діагностика, спостереження та лікування в амбулаторних умовах» — Додаток 1";"AsYJVwPHDAxAstnfUVO3ZWSSBLqe5WXfx3pxl9up.xlsx";"xlsx";"https://backend.nszu.gov.ua/storage/application/25/09/10/AsYJVwPHDAxAstnfUVO3ZWSSBLqe5WXfx3pxl9up.xlsx";"не завантажено";"";"";"";"";"";"";""
"33";"2";"Уточнююче роз'яснення щодо порядку обліку та кодування медичних послуг за пакетом «Профілактика, діагностика, спостереження та лікування в амбулаторних умовах»";"dYosLrxYXr0xNYZcNtcGOKgaAfcedGn8C6RYYQp5.pdf";"pdf";"https://backend.nszu.gov.ua/storage/application/25/09/10/dYosLrxYXr0xNYZcNtcGOKgaAfcedGn8C6RYYQp5.pdf";"не завантажено";"";"";"";"";"";"";""
"34";"2";"Інформування щодо змін у пакет ""РЕАБІЛІТАЦІЙНА ДОПОМОГА ДОРОСЛИМ І ДІТЯМ У АМБУЛАТОРНИХ УМОВАХ""";"Ilvbo1p3iBxNqz1w6ls1Y1EWDwwR8wXWPfH2nEwX.pdf";"pdf";"https://backend.nszu.gov.ua/storage/application/25/09/10/Ilvbo1p3iBxNqz1w6ls1Y1EWDwwR8wXWPfH2nEwX.pdf";"не завантажено";"";"";"";"";"";"";""
"35";"2";"Роз’яснення щодо ведення електронних медичних записів за пакетом медичних послуг «Медична допомога при гострому мозковому інсульті»";"QBFWe7jRl2hr1JMkAg47ieMBv1vnaTvhvafwLjw4.pdf";"pdf";"https://backend.nszu.gov.ua/storage/application/25/09/10/QBFWe7jRl2hr1JMkAg47ieMBv1vnaTvhvafwLjw4.pdf";"не завантажено";"";"";"";"";"";"";""
"36";"2";"Роз’яснення щодо ведення електронних медичних записів (ЕМЗ) стаціонарного лікування пацієнтів з гострим інфарктом міокарда";"XcBfw22eDYPjQ9F12HlNkN5ajhZvlQkEsYminmdU.pdf";"pdf";"https://backend.nszu.gov.ua/storage/application/25/09/10/XcBfw22eDYPjQ9F12HlNkN5ajhZvlQkEsYminmdU.pdf";"не завантажено";"";"";"";"";"";"";""
"37";"2";"Роз'яснення щодо принципу оплати послуг та правил ведення електронних медичних записів в електронній системі охорони здоров'я (далі - ЕСОЗ) за пакетом медичних послуг «Проведення досліджень з радіоізотопної медичної візуалізації та діагностики (позитронно-емісійної комп'ютерної томографії)»";"nPScqxI3K3UJDUQz27JZOJIPctxJylqLxqqxVyi0.pdf";"pdf";"https://backend.nszu.gov.ua/storage/application/25/09/10/nPScqxI3K3UJDUQz27JZOJIPctxJylqLxqqxVyi0.pdf";"не завантажено";"";"";"";"";"";"";""
"38";"2";"Роз'яснення щодо алгоритмів та правил щодо визначення медичної послуги в рамках програми медичних гарантій як такої, що підлягає оплаті за тарифом";"OVR2GcKvvUjSvunffg2hdE7V9BF0ORYVEsBo8NGp.pdf";"pdf";"https://backend.nszu.gov.ua/storage/application/25/09/10/OVR2GcKvvUjSvunffg2hdE7V9BF0ORYVEsBo8NGp.pdf";"не завантажено";"";"";"";"";"";"";""
"39";"2";"Уточнене роз’яснення щодо скерувань лікарями первинної медичної допомоги (далі – лікар ПМД) пацієнтів для отримання послуг з лабораторної діагностики — Додаток 1";"ZQgsoVUKlv5PmyFVvpoy0Plyhb4Qehu7TpndtlEO.xlsx";"xlsx";"https://backend.nszu.gov.ua/storage/application/25/09/10/ZQgsoVUKlv5PmyFVvpoy0Plyhb4Qehu7TpndtlEO.xlsx";"не завантажено";"";"";"";"";"";"";""
"40";"2";"Уточнене роз’яснення щодо скерувань лікарями первинної медичної допомоги (далі – лікар ПМД) пацієнтів для отримання послуг з лабораторної діагностики";"DxhtK8n2wUWfVbS1LTmZr0ogsnLDaCQMCnpW0syf.pdf";"pdf";"https://backend.nszu.gov.ua/storage/application/25/09/10/DxhtK8n2wUWfVbS1LTmZr0ogsnLDaCQMCnpW0syf.pdf";"не завантажено";"";"";"";"";"";"";""
"41";"2";"Роз'яснення щодо принципу оплати послуг, а також щодо правил ведення електронних медичних записів (далі – ЕМЗ) в електронній системі охорони здоров'я (далі – ЕСОЗ) за пакетом медичних послуг «Медичні послуги із здійснення забору, кріоконсервації та зберігання репродуктивних клітин військовослужбовців та інших осіб на випадок втрати репродуктивної функції під час виконання обов’язків із оборони держави, захисту Вітчизни та інших покладених на них обов’язків — Додаток 1";"B7UYwpxzaNiwltXjhhBGXgGvM3rEzTLA2cf98y2T.pdf";"pdf";"https://backend.nszu.gov.ua/storage/application/25/09/10/B7UYwpxzaNiwltXjhhBGXgGvM3rEzTLA2cf98y2T.pdf";"не завантажено";"";"";"";"";"";"";""
"42";"2";"Роз'яснення щодо принципу оплати послуг, а також щодо правил ведення електронних медичних записів (далі – ЕМЗ) в електронній системі охорони здоров'я (далі – ЕСОЗ) за пакетом медичних послуг «Медичні послуги із здійснення забору, кріоконсервації та зберігання репродуктивних клітин військовослужбовців та інших осіб на випадок втрати репродуктивної функції під час виконання обов’язків із оборони держави, захисту Вітчизни та інших покладених на них обов’язків";"wVxhnJONS3tv302M7GwRonmyZ1CFflmQwgsKh0d0.pdf";"pdf";"https://backend.nszu.gov.ua/storage/application/25/09/10/wVxhnJONS3tv302M7GwRonmyZ1CFflmQwgsKh0d0.pdf";"не завантажено";"";"";"";"";"";"";""
"43";"2";"Роз’яснення щодо змін стосовно унормування скерувань лікарями первинної медичної допомоги (далі – лікар ПМД) пацієнтів для отримання консультативно-діагностичних послуг";"oRuPyD8lrlvxAztOVF4ogrnDTUD60qFU3GpWF0sP.pdf";"pdf";"https://backend.nszu.gov.ua/storage/application/25/09/10/oRuPyD8lrlvxAztOVF4ogrnDTUD60qFU3GpWF0sP.pdf";"не завантажено";"";"";"";"";"";"";""
"44";"2";"Роз’яснення щодо скерувань лікарями первинної медичної допомоги (далі – лікар ПМД) пацієнтів для отримання консультативно- діагностичних послуг";"AOUJReTvkFQuV5xA6WUpO4sf3eWCgGvvacH71toJ.pdf";"pdf";"https://backend.nszu.gov.ua/storage/application/25/09/10/AOUJReTvkFQuV5xA6WUpO4sf3eWCgGvvacH71toJ.pdf";"не завантажено";"";"";"";"";"";"";""
"45";"2";"Роз'яснення щодо принципу оплати послуг, а також щодо правил ведення електронних медичних записів (далі – ЕМЗ) в електронній системі охорони здоров'я (далі – ЕСОЗ) за пакетом медичних послуг «Розширені послуги з первинної медичної допомоги окремим категоріям осіб, які захищали незалежність, суверенітет та територіальну цілісність України»";"qavxDq3TePZpgKrbC0EKamynx1QrY8IWKLxz2e9P.pdf";"pdf";"https://backend.nszu.gov.ua/storage/application/25/09/10/qavxDq3TePZpgKrbC0EKamynx1QrY8IWKLxz2e9P.pdf";"не завантажено";"";"";"";"";"";"";""
"46";"2";"Додаткові роз'яснення щодо принципу оплати послуг за пакетом медичних послуг «Радіологічне лікування та супровід пацієнтів з онкологічними захворюваннями в стаціонарних та амбулаторних умовах» а також щодо правил ведення електронних медичних записів (далі – ЕМЗ) в електронній системі охорони здоров'я (далі – ЕСОЗ).";"dRvp40pjbaiiQdS0ePW5IfCKaT4fW4jqmS928Wkg.pdf";"pdf";"https://backend.nszu.gov.ua/storage/application/25/09/10/dRvp40pjbaiiQdS0ePW5IfCKaT4fW4jqmS928Wkg.pdf";"не завантажено";"";"";"";"";"";"";""
"47";"2";"Додаткове роз'яснення щодо алгоритму ведення електронних медичних записів (далі – ЕМЗ) при наданні послуг Р.01 та Р.02 за пакетом медичних послуг: «Стоматологічна допомога окремій категорії осіб, які захищають/захищали незалежність, суверенітет та територіальну цілісність України (група послуг №2)».";"hbP6vc6m6WHwyWbeSJCLjo1h2C1h1odrNfDKZhj3.pdf";"pdf";"https://backend.nszu.gov.ua/storage/application/25/09/10/hbP6vc6m6WHwyWbeSJCLjo1h2C1h1odrNfDKZhj3.pdf";"не завантажено";"";"";"";"";"";"";""
"48";"2";"Роз'яснення щодо принципу оплати послуг за пакетами медичних послуг: «Зубопротезування окремих категорій осіб, які захищають/захищали незалежність, суверенітет та територіальну цілісність України (група послуг №1)» (далі – група послуг №1) та «Стоматологічна допомога окремій категорії осіб, які захищають/захищали незалежність, суверенітет та територіальну цілісність України (група послуг №2)» (далі – група послуг №2) а також щодо правил ведення електронних медичних записів (далі – ЕМЗ) в електронній системі охорони здоров'я (далі – ЕСОЗ)";"UaWZZnOTmr8uaETok7Ma467bhTn95sOTAGRxqa1t.pdf";"pdf";"https://backend.nszu.gov.ua/storage/application/25/09/10/UaWZZnOTmr8uaETok7Ma467bhTn95sOTAGRxqa1t.pdf";"не завантажено";"";"";"";"";"";"";""
"49";"2";"Роз'яснення щодо порядку внесення в ЕСОЗ інформації про надання медичних послуг оплачених за рахунок коштів інших джерел — Додаток 4 Інструкція подання звіту проь коригування ЕМЗ";"d4SgrEMWtFJnPVMs6tXGAezvSiGQ72rKuLJebosZ.pdf";"pdf";"https://backend.nszu.gov.ua/storage/application/25/09/10/d4SgrEMWtFJnPVMs6tXGAezvSiGQ72rKuLJebosZ.pdf";"не завантажено";"";"";"";"";"";"";""
"50";"2";"Роз'яснення щодо порядку внесення в ЕСОЗ інформації про надання медичних послуг оплачених за рахунок коштів інших джерел — Додаток 3 Інструкція верифікація ЕМЗ";"0Y6cZ9mWznFRSnKQ6oHP4ltDY3AoZS5GStr9524d.pdf";"pdf";"https://backend.nszu.gov.ua/storage/application/25/09/10/0Y6cZ9mWznFRSnKQ6oHP4ltDY3AoZS5GStr9524d.pdf";"не завантажено";"";"";"";"";"";"";""
"51";"2";"Роз'яснення щодо порядку внесення в ЕСОЗ інформації про надання медичних послуг оплачених за рахунок коштів інших джерел — Додаток 2 Інструкція виключення ЕМЗ";"OR9AY8FbRkcckxNJ1GzWRnBEa2rsb2sQNAuzHBxc.pdf";"pdf";"https://backend.nszu.gov.ua/storage/application/25/09/10/OR9AY8FbRkcckxNJ1GzWRnBEa2rsb2sQNAuzHBxc.pdf";"не завантажено";"";"";"";"";"";"";""
"52";"2";"Роз'яснення щодо порядку внесення в ЕСОЗ інформації про надання медичних послуг оплачених за рахунок коштів інших джерел";"4EZNhIx5648XkB6W5nQceRLq6MFKF5MCXPD4jcv1.pdf";"pdf";"https://backend.nszu.gov.ua/storage/application/25/09/10/4EZNhIx5648XkB6W5nQceRLq6MFKF5MCXPD4jcv1.pdf";"не завантажено";"";"";"";"";"";"";""
"53";"2";"Роз'яснення щодо застосування додаткових коригуючих коефіцієнтів та правил обліку деяких інтервенцій в електронній системі охорони здоров'я (далі - ЕСОЗ) за пакетом «Хірургічні операції дорослим та дітям у стаціонарних умовах»";"xDx6pCplvws6hmGTvSKEjRImMOpmMw4h3KBiCbYy.pdf";"pdf";"https://backend.nszu.gov.ua/storage/application/25/09/10/xDx6pCplvws6hmGTvSKEjRImMOpmMw4h3KBiCbYy.pdf";"не завантажено";"";"";"";"";"";"";""
"54";"2";"Роз'яснення щодо застосування додаткових коригуючих коефіцієнтів та правил обліку деяких інтервенцій в електронній системі охорони здоров'я (далі - ЕСОЗ) за пакетом «Стаціонарна допомога дорослим та дітям без проведення хірургічних операцій» — Терапія Додаток 2";"AT6Mt1VcyY2mecPnKhGZh8R0eipCPEBlpKIikUY0.docx";"docx";"https://backend.nszu.gov.ua/storage/application/25/09/10/AT6Mt1VcyY2mecPnKhGZh8R0eipCPEBlpKIikUY0.docx";"не завантажено";"";"";"";"";"";"";""
"55";"2";"Роз’яснення щодо правил скеровування жінок на послуги з лікування безпліддя за допомогою допоміжних репродуктивних технологій (далі – ДРТ) за пакетом медичних послуг «Лікування безпліддя за допомогою допоміжних репродуктивних технологій (запліднення іn vitro)»";"OtFg1J8terablPSslSgI3JAI4Rg1usD8Lm2MH1oN.pdf";"pdf";"https://backend.nszu.gov.ua/storage/application/25/09/10/OtFg1J8terablPSslSgI3JAI4Rg1usD8Lm2MH1oN.pdf";"не завантажено";"";"";"";"";"";"";""
"56";"2";"Роз'яснення щодо правил ведення електронних медичних записів (далі - ЕМЗ) в електронній системі охорони здоров'я (далі - ЕСОЗ) потенційному мертвому донору/мертвому донору";"9ip5UgkeKBsc1qn0aq17H3nrjJeocEImSTS6MI5n.pdf";"pdf";"https://backend.nszu.gov.ua/storage/application/25/09/10/9ip5UgkeKBsc1qn0aq17H3nrjJeocEImSTS6MI5n.pdf";"не завантажено";"";"";"";"";"";"";""
"57";"2";"Додатки 1-8";"3DBWEKuSxFwnGifTs84F1TToZvp3ZzK7taqZLoHg.docx";"docx";"https://backend.nszu.gov.ua/storage/application/25/09/10/3DBWEKuSxFwnGifTs84F1TToZvp3ZzK7taqZLoHg.docx";"не завантажено";"";"";"";"";"";"";""
"58";"2";"Додатки 1-3";"TPMn5DiByKfSta5rIa1nUrdjth0Zkrm5bgtCG4We.docx";"docx";"https://backend.nszu.gov.ua/storage/application/25/09/10/TPMn5DiByKfSta5rIa1nUrdjth0Zkrm5bgtCG4We.docx";"не завантажено";"";"";"";"";"";"";""
"59";"2";"Роз'яснення щодо застосування додаткових коригуючих коефіцієнтів та правил обліку деяких інтервенцій в електронній системі охорони здоров'я (далі - ЕСОЗ) за пакетом «Стаціонарна допомога дорослим та дітям без проведення хірургічних операцій» — Терапія Додаток 4";"9t8ECdCUZPsSHmarps4vRanWMcfeS7s0gxQhxY9s.docx";"docx";"https://backend.nszu.gov.ua/storage/application/25/09/10/9t8ECdCUZPsSHmarps4vRanWMcfeS7s0gxQhxY9s.docx";"не завантажено";"";"";"";"";"";"";""
"60";"2";"Роз'яснення щодо застосування додаткових коригуючих коефіцієнтів та правил обліку деяких інтервенцій в електронній системі охорони здоров'я (далі - ЕСОЗ) за пакетом «Стаціонарна допомога дорослим та дітям без проведення хірургічних операцій» — Терапія Додаток 3";"1FsyyQLTBgaF5n8RpkpoDW9sb44k3HrKYIkVLDOA.docx";"docx";"https://backend.nszu.gov.ua/storage/application/25/09/10/1FsyyQLTBgaF5n8RpkpoDW9sb44k3HrKYIkVLDOA.docx";"не завантажено";"";"";"";"";"";"";""
"61";"3";"Роз'яснення щодо застосування додаткових коригуючих коефіцієнтів та правил обліку деяких інтервенцій в електронній системі охорони здоров'я (далі - ЕСОЗ) за пакетом «Стаціонарна допомога дорослим та дітям без проведення хірургічних операцій» — Терапія Додаток 1";"zammuIw0EixzaQFWoFkxBkoMC4CRgclzup9pLyuI.docx";"docx";"https://backend.nszu.gov.ua/storage/application/25/09/10/zammuIw0EixzaQFWoFkxBkoMC4CRgclzup9pLyuI.docx";"не завантажено";"";"";"";"";"";"";""
"62";"3";"Роз'яснення, що у випадку перебування військовослужбовця на стаціонарному лікуванні або реабілітації в закладі охорони здоров'я і наявності медичних показів щодо отримання послуг із зуболікування та/або зубопротезування, він має право їх отримати і ці послуги будуть оплачені";"VAPs7T6WVboVqCfrK9Bpj4GTLccavEq0bRouW3sm.pdf";"pdf";"https://backend.nszu.gov.ua/storage/application/25/09/10/VAPs7T6WVboVqCfrK9Bpj4GTLccavEq0bRouW3sm.pdf";"не завантажено";"";"";"";"";"";"";""
"63";"3";"Роз'яснення щодо механізму створення електронних медичних записів (далі - ЕМЗ) при необхідності надання додаткових медичних послуг під час оцінюванні експертними командами повсякденного функціонування особи";"6Ell1lSe2bdVerKqDuEuPPi7Q13gGBjPzhgVH3xx.pdf";"pdf";"https://backend.nszu.gov.ua/storage/application/25/09/10/6Ell1lSe2bdVerKqDuEuPPi7Q13gGBjPzhgVH3xx.pdf";"не завантажено";"";"";"";"";"";"";""
"64";"3";"Роз'яснення стосовно звітів про обсяг медичних послуг з надання первинної медичної допомоги за жовтень 2024 року";"fDXPNUGXupRTfxjYBk4GChK7COxx75K0X8x3Fpyg.pdf";"pdf";"https://backend.nszu.gov.ua/storage/application/25/09/10/fDXPNUGXupRTfxjYBk4GChK7COxx75K0X8x3Fpyg.pdf";"не завантажено";"";"";"";"";"";"";""
"65";"3";"Роз’яснення щодо принципу оплати та обліку наданих медичних послуг за пакетом медичних послуг «Профілактика, діагностика, спостереження та лікування в амбулаторних умовах» — Додаток 2 Лікарі, які можуть відкривати епізод «Лікування» в рамках пакету";"elZ3YzVVw4mE1AqryeWSp22MhUDUw49H2Ur3ZCTX.docx";"docx";"https://backend.nszu.gov.ua/storage/application/25/09/10/elZ3YzVVw4mE1AqryeWSp22MhUDUw49H2Ur3ZCTX.docx";"не завантажено";"";"";"";"";"";"";""
"66";"3";"Роз'яснення щодо принципу оплати послуг, а також щодо правил ведення електронних медичних записів (далі - ЕМЗ) в електронній системі охорони здоров'я (далі - ЕСОЗ) за пакетами медичних послуг «Реабілітаційна допомога дорослим і дітям у амбулаторних умовах» та «Реабілітаційна допомога дорослим і дітям у стаціонарних умовах» — Додаток 2. Розподіл фахівців з реабілітації за фахом та перелік інтервенцій, які повинні ними виконуватися";"pkiOkhb8rjjGZGNRuQ5EAMZ77hUlkNDnAItC1WnW.docx";"docx";"https://backend.nszu.gov.ua/storage/application/25/09/10/pkiOkhb8rjjGZGNRuQ5EAMZ77hUlkNDnAItC1WnW.docx";"не завантажено";"";"";"";"";"";"";""
"67";"3";"Додаткове роз'яснення щодо створення електронних медичних записів (далі - ЕМЗ) ""План лікування"" при наданні медичних послуг за пакетом ""Профілактика, діагностика, спостереження та лікування в амбулаторних умовах""";"EaT2QPc4gwnMVdJLPXfO4Ayo4LBATi3NfU9bgix0.pdf";"pdf";"https://backend.nszu.gov.ua/storage/application/25/09/10/EaT2QPc4gwnMVdJLPXfO4Ayo4LBATi3NfU9bgix0.pdf";"не завантажено";"";"";"";"";"";"";""
"68";"3";"Роз'яснення щодо правил кодування основного та додаткових діагнозів у пролікованих випадках, коли діагностика та оцінювання стану проводилось пацієнтам, які скеровані військово-лікарською комісією, і яким не підтверджено діагноз класу Е";"hYbaTjtd6pa1E2IF3w6AG4tZBk85sEYWwMIxLV0k.pdf";"pdf";"https://backend.nszu.gov.ua/storage/application/25/09/10/hYbaTjtd6pa1E2IF3w6AG4tZBk85sEYWwMIxLV0k.pdf";"не завантажено";"";"";"";"";"";"";""
"69";"3";"Роз'яснення щодо створення електронних медичних записів (далі - ЕМЗ) ""План лікування"" при наданні медичних послуг за пакетом ""Профілактика, діагностика, спостереження та лікування в амбулаторних умовах""";"EaT2QPc4gwnMVdJLPXfO4Ayo4LBATi3NfU9bgix0.pdf";"pdf";"https://backend.nszu.gov.ua/storage/application/25/09/10/EaT2QPc4gwnMVdJLPXfO4Ayo4LBATi3NfU9bgix0.pdf";"не завантажено";"";"";"";"";"";"";""
"70";"3";"Контрактування 2025: щодо додаткової послуги з супроводу та лікування дорослих та дітей, хворих на туберкульоз, на первинному рівні медичної допомоги";"RuE2mgFonfJt3NAWCTxlEHYeF4U0F7acmwvMuo77.pdf";"pdf";"https://backend.nszu.gov.ua/storage/application/25/09/10/RuE2mgFonfJt3NAWCTxlEHYeF4U0F7acmwvMuo77.pdf";"не завантажено";"";"";"";"";"";"";""
"71";"3";"Роз'яснення щодо надання спеціалізованої медичної допомоги на 2025 рік та уникнення проблемних питань під час розгляду пропозицій для укладення договорів на 2025 рік";"jbHq5qw2SQt9Fiu8JwpRJqDo9EKhszVM4mdTnEEI.pdf";"pdf";"https://backend.nszu.gov.ua/storage/application/25/09/10/jbHq5qw2SQt9Fiu8JwpRJqDo9EKhszVM4mdTnEEI.pdf";"не завантажено";"";"";"";"";"";"";""
"72";"3";"Роз'яснення про розміщення оголошення про укладення договору щодо надання первинної медичної допомоги на 2025 рік";"YtezrJGQ8IPTxvaaCiGygNgGnOKsQDtbOGdHeXKZ.pdf";"pdf";"https://backend.nszu.gov.ua/storage/application/25/09/10/YtezrJGQ8IPTxvaaCiGygNgGnOKsQDtbOGdHeXKZ.pdf";"не завантажено";"";"";"";"";"";"";""
"73";"3";"Роз'яснення щодо зміни порядку подання пропозицій про укладення договору щодо надання первинної медичної допомоги на 2025 рік";"rgJsfDiVQXCEHye6X0VZMJZgwQbpRnp0te0gK1Cw.pdf";"pdf";"https://backend.nszu.gov.ua/storage/application/25/09/10/rgJsfDiVQXCEHye6X0VZMJZgwQbpRnp0te0gK1Cw.pdf";"не завантажено";"";"";"";"";"";"";""
"74";"3";"Роз'яснення надавачам медичних послуг, що надають первинну медичну допомогу";"RV6P9OmltQyGDnLSAZZFSabGYxgzdE5b1a40l9HP.pdf";"pdf";"https://backend.nszu.gov.ua/storage/application/25/09/10/RV6P9OmltQyGDnLSAZZFSabGYxgzdE5b1a40l9HP.pdf";"не завантажено";"";"";"";"";"";"";""
"75";"3";"Роз'яснення щодо надання спеціалізованої медичної допомоги на 2025 рік та уникнення проблемних питань під час розгляду пропозицій для укладення договорів на 2025 рік";"jbHq5qw2SQt9Fiu8JwpRJqDo9EKhszVM4mdTnEEI.pdf";"pdf";"https://backend.nszu.gov.ua/storage/application/25/09/10/jbHq5qw2SQt9Fiu8JwpRJqDo9EKhszVM4mdTnEEI.pdf";"не завантажено";"";"";"";"";"";"";""
"76";"3";"Роз'яснення щодо наявності у структурі надавача лабораторій мікробіологічного профілю з 01 січня 2025 року";"xIuDmWueRS7CRBLEiGkfygklGsqKrGTNU9AAUkX8.pdf";"pdf";"https://backend.nszu.gov.ua/storage/application/25/09/10/xIuDmWueRS7CRBLEiGkfygklGsqKrGTNU9AAUkX8.pdf";"не завантажено";"";"";"";"";"";"";""
"77";"3";"Роз'яснення щодо верифікації даних про пацієнтів";"n9nH0ArDfBIRbAFKgQpI0cwmlOcODUbfuM622xN2.pdf";"pdf";"https://backend.nszu.gov.ua/storage/application/25/09/10/n9nH0ArDfBIRbAFKgQpI0cwmlOcODUbfuM622xN2.pdf";"не завантажено";"";"";"";"";"";"";""
"78";"3";"Роз'яснення щодо інформування щодо кодування діагнозів/інтервенцій у електронних медичних записах про надання медичних послуг в стаціонарних умовах";"J4Vwvoqemx0gSAm5Op9fXYVA1blrCqAbWOKzQCE6.pdf";"pdf";"https://backend.nszu.gov.ua/storage/application/25/09/10/J4Vwvoqemx0gSAm5Op9fXYVA1blrCqAbWOKzQCE6.pdf";"не завантажено";"";"";"";"";"";"";""
"79";"3";"Роз’яснення щодо контрактування за пакетом «Первинна медична допомога» у 2025";"hhut4IJi9GdWtlgt8qC09zRJ5K70gnmKFvq8YgCA.pdf";"pdf";"https://backend.nszu.gov.ua/storage/application/25/09/10/hhut4IJi9GdWtlgt8qC09zRJ5K70gnmKFvq8YgCA.pdf";"не завантажено";"";"";"";"";"";"";""
"80";"3";"Роз'яснення щодо правил кодування хвороб та функціональних станів за напрямом «Паліативна медична допомога» — Додаток 5 Стани, клінічні показники та функціональні розлади у пацієнтів дитячого віку, які потребують паліативної допомоги";"VgnqUCKoHUYP4WG4jRkdIn2rYxj2yrQVwkSCq4AI.docx";"docx";"https://backend.nszu.gov.ua/storage/application/25/09/10/VgnqUCKoHUYP4WG4jRkdIn2rYxj2yrQVwkSCq4AI.docx";"не завантажено";"";"";"";"";"";"";""
"81";"3";"Роз'яснення щодо правил кодування хвороб та функціональних станів за напрямом «Паліативна медична допомога» — Додаток 4 Захворювання та їх особливості у дітей, що потребують паліативної допомоги";"OzTIhS4i3S5eG1HrvKnQ7GThPotQnQzw9isKCsmq.docx";"docx";"https://backend.nszu.gov.ua/storage/application/25/09/10/OzTIhS4i3S5eG1HrvKnQ7GThPotQnQzw9isKCsmq.docx";"не завантажено";"";"";"";"";"";"";""
"82";"3";"Роз'яснення щодо правил кодування хвороб та функціональних станів за напрямом «Паліативна медична допомога» — Додаток 3 Стани, клінічні показники та функціональні розлади у пацієнтів дорослого віку, які потребують паліативної допомоги";"br9VZ0O3YzBVPKZycm4dqAEBIy0804qX3mpmY1bX.docx";"docx";"https://backend.nszu.gov.ua/storage/application/25/09/10/br9VZ0O3YzBVPKZycm4dqAEBIy0804qX3mpmY1bX.docx";"не завантажено";"";"";"";"";"";"";""
"83";"3";"Роз'яснення щодо правил кодування хвороб та функціональних станів за напрямом «Паліативна медична допомога» — Додаток 2 Захворювання та їх особливості дорослих пацієнтів, що потребують паліативної допомоги";"23KTrp3fjSEzV1zmffirCNNM5gEjO6OjoothCX4L.docx";"docx";"https://backend.nszu.gov.ua/storage/application/25/09/10/23KTrp3fjSEzV1zmffirCNNM5gEjO6OjoothCX4L.docx";"не завантажено";"";"";"";"";"";"";""
"84";"3";"Роз'яснення щодо правил кодування хвороб та функціональних станів за напрямом «Паліативна медична допомога» — Додаток 1";"dMWZ0sTO4TU7NLXbxwthvNwRpP53lM5hZFuEZJO3.docx";"docx";"https://backend.nszu.gov.ua/storage/application/25/09/10/dMWZ0sTO4TU7NLXbxwthvNwRpP53lM5hZFuEZJO3.docx";"не завантажено";"";"";"";"";"";"";""
"85";"3";"Роз'яснення щодо правил кодування хвороб та функціональних станів за напрямом «Паліативна медична допомога»";"TXaLJ8h6Ie2UpC77uBEakB3ivliclYb48jofnoAH.pdf";"pdf";"https://backend.nszu.gov.ua/storage/application/25/09/10/TXaLJ8h6Ie2UpC77uBEakB3ivliclYb48jofnoAH.pdf";"не завантажено";"";"";"";"";"";"";""
"86";"3";"Роз'яснення щодо верифікації даних медичних працівників з Державним реєстром фізичних осіб - платників податків (ДРФО), а саме верифікація реєстраційного номера облікової картки платника податків (далі - РНОКПП), прізвища, імені, по батькові (за наявності) та дати народження працівників(розширена версія)";"gg4Qux32ctXJNnH37vYPeczq8iWK8WnxEyC38Ucf.pdf";"pdf";"https://backend.nszu.gov.ua/storage/application/25/09/10/gg4Qux32ctXJNnH37vYPeczq8iWK8WnxEyC38Ucf.pdf";"не завантажено";"";"";"";"";"";"";""
"87";"3";"Роз'яснення щодо верифікації даних медичних працівників з Державним реєстром фізичних осіб - платників податків (ДРФО), а саме верифікація реєстраційного номера облікової картки платника податків (далі - РНОКПП), прізвища, імені, по батькові (за наявності) та дати народження працівників";"MkhGwmVj5PdyMrIEDA0RW4mlWDdxgSmZwl8GZr7k.pdf";"pdf";"https://backend.nszu.gov.ua/storage/application/25/09/10/MkhGwmVj5PdyMrIEDA0RW4mlWDdxgSmZwl8GZr7k.pdf";"не завантажено";"";"";"";"";"";"";""
"88";"3";"Роз'яснення щодо принципу оплати послуг за пакетом медичних послуг «Зубопротезування окремих категорій осіб, які захищали незалежність, суверенітет та територіальну цілісність України (група послуг №2)»";"GdILHSiS1gi9k0vCLWTku1VRzeT9efkp128R9lPR.pdf";"pdf";"https://backend.nszu.gov.ua/storage/application/25/09/10/GdILHSiS1gi9k0vCLWTku1VRzeT9efkp128R9lPR.pdf";"не завантажено";"";"";"";"";"";"";""
"89";"3";"Роз'яснення щодо верифікації записів про пацієнтів в Реєстрі пацієнтів ЦБД ЕСОЗ з Державним реєстром фізичних осіб - платників податків";"mWfTu67Nqf7Oa0JNFYtoL7IgOfQaSHtMYpwJiZtf.pdf";"pdf";"https://backend.nszu.gov.ua/storage/application/25/09/10/mWfTu67Nqf7Oa0JNFYtoL7IgOfQaSHtMYpwJiZtf.pdf";"не завантажено";"";"";"";"";"";"";""
"90";"3";"Роз'яснення щодо інструменту для прийому звітів про надані медичні послуги";"kZqjPWuqNaBVydZt8ligurEEJ3B0AI8h5M53WL23.pdf";"pdf";"https://backend.nszu.gov.ua/storage/application/25/09/10/kZqjPWuqNaBVydZt8ligurEEJ3B0AI8h5M53WL23.pdf";"не завантажено";"";"";"";"";"";"";""
"91";"4";"Роз'яснення щодо інструменту для прийому звітів про надані медичні послуги із трансплантації органів, інформація з яких буде верифікована із даними електронної системи охорони здоров'я";"i3JIYwn4D0yQvX1TTxYmmk0nTkTaDr28pEMV0eW1.pdf";"pdf";"https://backend.nszu.gov.ua/storage/application/25/09/10/i3JIYwn4D0yQvX1TTxYmmk0nTkTaDr28pEMV0eW1.pdf";"не завантажено";"";"";"";"";"";"";""
"92";"4";"Роз'яснення щодо інструменту для прийому звітів про надані медичні послуги із трансплантації гемопоетичних стовбурових клітин, інформація з яких буде верифікована із даними електронної системи охорони здоров'я — Додаток 1 Інструкція зі звітування щодо трансплантації гемопоетичних стовбурових клітин";"wq8Nf8PgJHEuNpVXg66hXyZ7NfV6JL5ZlwwFa6za.docx";"docx";"https://backend.nszu.gov.ua/storage/application/25/09/10/wq8Nf8PgJHEuNpVXg66hXyZ7NfV6JL5ZlwwFa6za.docx";"не завантажено";"";"";"";"";"";"";""
"93";"4";"Роз'яснення щодо інструменту для прийому звітів про надані медичні послуги із трансплантації гемопоетичних стовбурових клітин, інформація з яких буде верифікована із даними електронної системи охорони здоров'я";"RsJ9M7GHWLPhC4lEKyezRiB8XyXvuFQRSb8ieDaI.pdf";"pdf";"https://backend.nszu.gov.ua/storage/application/25/09/10/RsJ9M7GHWLPhC4lEKyezRiB8XyXvuFQRSb8ieDaI.pdf";"не завантажено";"";"";"";"";"";"";""
"94";"4";"Роз’яснення щодо принципу оплати та обліку наданих медичних послуг за пакетом медичних послуг «Профілактика, діагностика, спостереження та лікування в амбулаторних умовах» — Додаток 3 Пояснення до деяких кодів лабораторних обстежень";"vs3vQQXkqyvrYISpMWd34tK21agVyqvp38dzNMEO.docx";"docx";"https://backend.nszu.gov.ua/storage/application/25/09/10/vs3vQQXkqyvrYISpMWd34tK21agVyqvp38dzNMEO.docx";"не завантажено";"";"";"";"";"";"";""
"95";"4";"Роз’яснення щодо принципу оплати та обліку наданих медичних послуг за пакетом медичних послуг «Профілактика, діагностика, спостереження та лікування в амбулаторних умовах» — Додаток 1 Перелік кодів діагнозів для обліку імунізації";"V4E4rIPGzkQieJK50vobZXtdcocQFL7V9qAfPLud.docx";"docx";"https://backend.nszu.gov.ua/storage/application/25/09/10/V4E4rIPGzkQieJK50vobZXtdcocQFL7V9qAfPLud.docx";"не завантажено";"";"";"";"";"";"";""
"96";"4";"Роз'яснення щодо внесених відповідних змін до специфікацій та умов закупівлі медичних послуг за пакетом «Медичний огляд осіб, який організовується територіальними центрами комплектування та соціальної підтримки»";"7V1onotHdhgerfOwbMHrQkOl5p0pklj71ilpreUc.pdf";"pdf";"https://backend.nszu.gov.ua/storage/application/25/09/10/7V1onotHdhgerfOwbMHrQkOl5p0pklj71ilpreUc.pdf";"не завантажено";"";"";"";"";"";"";""
"97";"4";"Роз'яснення щодо принципу оплати та обліку наданих медичних послуг за напрямом «Паліативна медична допомога» — Додаток 5 Стани, клінічні показники та функціональні розлади у пацієнтів дитячого віку, які потребують паліативної допомоги";"4NUn6PDA80dRVNXxeuJsXlMeSxmf3VnSRvzfsMS5.docx";"docx";"https://backend.nszu.gov.ua/storage/application/25/09/10/4NUn6PDA80dRVNXxeuJsXlMeSxmf3VnSRvzfsMS5.docx";"не завантажено";"";"";"";"";"";"";""
"98";"4";"Роз'яснення щодо принципу оплати та обліку наданих медичних послуг за напрямом «Паліативна медична допомога» — Додаток 4. Захворювання та їх особливості у дітей, що потребують паліативної допомоги";"xBuUdoDdUReIe7GkNMf9GRMww6DfMtW8dCnRnQg4.docx";"docx";"https://backend.nszu.gov.ua/storage/application/25/09/10/xBuUdoDdUReIe7GkNMf9GRMww6DfMtW8dCnRnQg4.docx";"не завантажено";"";"";"";"";"";"";""
"99";"4";"Роз'яснення щодо принципу оплати та обліку наданих медичних послуг за напрямом «Паліативна медична допомога» — Додаток 3 Стани, клінічні показники та функціональні розлади у пацієнтів дорослого віку, які потребують паліативної допомоги";"87rlAiG9eL1H8w7Y4Kw48NnihAzemsOAJYKSl6Me.docx";"docx";"https://backend.nszu.gov.ua/storage/application/25/09/10/87rlAiG9eL1H8w7Y4Kw48NnihAzemsOAJYKSl6Me.docx";"не завантажено";"";"";"";"";"";"";""
"100";"4";"Роз'яснення щодо принципу оплати та обліку наданих медичних послуг за напрямом «Паліативна медична допомога» — Додаток 2. Захворювання та їх особливості дорослих пацієнтів, що потребують паліативної допомоги";"7tOmegftOZSd5bN07zlIsNsKPcinSiuk4IFNwsAO.docx";"docx";"https://backend.nszu.gov.ua/storage/application/25/09/10/7tOmegftOZSd5bN07zlIsNsKPcinSiuk4IFNwsAO.docx";"не завантажено";"";"";"";"";"";"";""
"101";"4";"Роз'яснення щодо принципу оплати та обліку наданих медичних послуг за напрямом «Паліативна медична допомога» — Додаток 1";"JURxrBQcFSGbV7M4OslBmKsto9EmXzGk7zZskoGw.docx";"docx";"https://backend.nszu.gov.ua/storage/application/25/09/10/JURxrBQcFSGbV7M4OslBmKsto9EmXzGk7zZskoGw.docx";"не завантажено";"";"";"";"";"";"";""
"102";"4";"Роз'яснення щодо принципу оплати та обліку наданих медичних послуг за напрямом «Паліативна медична допомога»";"VtbqMEtrKVUdM9Ahio8KM8YHGKAEaqqT3X9GU6js.pdf";"pdf";"https://backend.nszu.gov.ua/storage/application/25/09/10/VtbqMEtrKVUdM9Ahio8KM8YHGKAEaqqT3X9GU6js.pdf";"не завантажено";"";"";"";"";"";"";""
"103";"4";"Роз'яснення щодо принципу оплати послуг, а також щодо правил ведення електронних медичних записів (далі - ЕМЗ) в електронній системі охорони здоров'я (далі - ЕСОЗ) за пакетами медичних послуг «Реабілітаційна допомога дорослим і дітям у амбулаторних умовах» та «Реабілітаційна допомога дорослим і дітям у стаціонарних умовах» — Додаток 1. Правила кодування діагнозів що відносяться до послуг";"pFPvVYYsJBg6F6967ejZ2US8dG6ZtSyptaDkmrwa.docx";"docx";"https://backend.nszu.gov.ua/storage/application/25/09/10/pFPvVYYsJBg6F6967ejZ2US8dG6ZtSyptaDkmrwa.docx";"не завантажено";"";"";"";"";"";"";""
"104";"4";"Роз'яснення щодо граничної вартості медичних послуг із зубопротезування, які можуть бути надані одному пацієнту за рахунок коштів державного бюджету з метою належного надання зазначених послуг, отримання оплати за надану допомогу із зубопротезування відповідно до умов укладених з НСЗУ договорів та ефективної реалізації пілотного проекту.";"ZPtB9EQSGDMYpqtuDWUGj4OL9mi92zEORdQsw8rN.pdf";"pdf";"https://backend.nszu.gov.ua/storage/application/25/09/10/ZPtB9EQSGDMYpqtuDWUGj4OL9mi92zEORdQsw8rN.pdf";"не завантажено";"";"";"";"";"";"";""
"105";"4";"Роз'яснення щодо зміни принципу оплати послуг за пакетом медичних послуг «Діагностика та лікування дорослих і дітей, хворих на туберкульоз, у стаціонарних та амбулаторних умовах» з врахуванням тривалості лікування та повторних випадків (рецидивів), які почнуть діяти з 01.05.2024";"mRDtO8fyrSkK2tZ4Uj3SR5J2TZ4msfEz6bXTi9zA.pdf";"pdf";"https://backend.nszu.gov.ua/storage/application/25/09/10/mRDtO8fyrSkK2tZ4Uj3SR5J2TZ4msfEz6bXTi9zA.pdf";"не завантажено";"";"";"";"";"";"";""
"106";"4";"Роз’яснення щодо принципу оплати послуг та правил ведення електронних медичних записів (далі – ЕМЗ) в електронній системі охорони здоров’я (далі – ЕСОЗ) за пакетом медичних послуг «Лікування безпліддя за допомогою допоміжних репродуктивних технологій (запліднення іn vitro)», а також щодо підстав надання послуг та оплати повного й часткового циклів допоміжних репродуктивних технологій.";"OIxUxehwOESpkdYt8MZJ6YA1CwjeLgVlL19V7JBJ.pdf";"pdf";"https://backend.nszu.gov.ua/storage/application/25/09/10/OIxUxehwOESpkdYt8MZJ6YA1CwjeLgVlL19V7JBJ.pdf";"не завантажено";"";"";"";"";"";"";""
"107";"4";"Роз'яснення щодо принципу оплати послуг за пакетом медичних послуг «Зубопротезування окремих категорій осіб, які захищали незалежність, суверенітет та територіальну цілісність України» а також щодо правил ведення електронних медичних записів (далі – ЕМЗ) в електронній системі охорони здоров’я (далі – ЕСОЗ)";"HqDxlZ0K6nwRBEHOA4KzM8QRnbnmY5me1wrWvZUN.pdf";"pdf";"https://backend.nszu.gov.ua/storage/application/25/09/10/HqDxlZ0K6nwRBEHOA4KzM8QRnbnmY5me1wrWvZUN.pdf";"не завантажено";"";"";"";"";"";"";""
"108";"4";"Роз'яснення щодо інформування про зміни в обліку і оплаті послуг які внесені в ЕСОЗ з 01.04.2024";"nttMQdZuVFZfpyfV5wf0u6RnPrtf3jzyntR9cb7n.pdf";"pdf";"https://backend.nszu.gov.ua/storage/application/25/09/10/nttMQdZuVFZfpyfV5wf0u6RnPrtf3jzyntR9cb7n.pdf";"не завантажено";"";"";"";"";"";"";""
"109";"4";"Роз'яснення щодо реорганізації закладів охорони здоров'я";"CVgwED1fMcVVv1KZ9tkcY1JHLVV5gcwuKzGKy0lg.pdf";"pdf";"https://backend.nszu.gov.ua/storage/application/25/09/10/CVgwED1fMcVVv1KZ9tkcY1JHLVV5gcwuKzGKy0lg.pdf";"не завантажено";"";"";"";"";"";"";""
"110";"4";"Роз'яснення щодо звітування про проведене виправлення та верифікацію електронних медичних записів, та щодо послуг, оплачених за рахунок коштів інших джерел";"ts9kEhR0tAVFBPBkvSyNvu6ddjgW5RW47abIlKx6.pdf";"pdf";"https://backend.nszu.gov.ua/storage/application/25/09/10/ts9kEhR0tAVFBPBkvSyNvu6ddjgW5RW47abIlKx6.pdf";"не завантажено";"";"";"";"";"";"";""
"111";"4";"Роз'яснення(уточнююче) по інформації щодо ведення електронних медичних записів за пакетом «Медична допомога новонародженим у складних неонатальних випадках»";"lktd4jmEbI8enbVeeNM9SxkvDuNpTs7tQG9RAvnj.pdf";"pdf";"https://backend.nszu.gov.ua/storage/application/25/09/10/lktd4jmEbI8enbVeeNM9SxkvDuNpTs7tQG9RAvnj.pdf";"не завантажено";"";"";"";"";"";"";""
"112";"4";"Роз'яснення щодо методології розрахунку індикатору виконання умов договору в частині рівня охоплення оглядами осіб вікових груп 40- -64 роки та 65 років і старше з гіпертонічною хворобою, іншими серцево-судинними захворюваннями, осіб з цукровим діабетом за пакетом медичних послуг «Первинна медична допомога»";"AxcFoZXnVw1ra39tEPTrl3DZD35qvfutSYXoDngw.pdf";"pdf";"https://backend.nszu.gov.ua/storage/application/25/09/10/AxcFoZXnVw1ra39tEPTrl3DZD35qvfutSYXoDngw.pdf";"не завантажено";"";"";"";"";"";"";""
"113";"4";"Роз'яснення за пакетом медичних послуг «Реабілітаційна допомога дорослим і дітям стаціонарних умовах» щодо переліку діагнозів, що мають відноситись до низької складності (СР4)";"CZx79H02BD93Div62mN2ixg2rNKa1NuiMVPcw7Q2.pdf";"pdf";"https://backend.nszu.gov.ua/storage/application/25/09/10/CZx79H02BD93Div62mN2ixg2rNKa1NuiMVPcw7Q2.pdf";"не завантажено";"";"";"";"";"";"";""
"114";"4";"Роз'яснення щодо правил ведення електронних медичних записів (далі - ЕМЗ) в електронній системі охорони здоров'я (далі - ЕСОЗ) за пакетом медичних послуг «Медичний огляд осіб, який організовується територіальними центрами комплектування та соціальної підтримки»";"IucaXFyfztiua7gqdk44brxHvjHFURAi02f84Eal.pdf";"pdf";"https://backend.nszu.gov.ua/storage/application/25/09/10/IucaXFyfztiua7gqdk44brxHvjHFURAi02f84Eal.pdf";"не завантажено";"";"";"";"";"";"";""
"115";"4";"Роз'яснення про зміну процедури подання звітів про обсяг медичних послуг з надання первинної медичної допомоги (далі - звіти)";"RvI6JifOCDPM1U2fNi8VmXcaFLA1NfJfYCfJupcn.pdf";"pdf";"https://backend.nszu.gov.ua/storage/application/25/09/10/RvI6JifOCDPM1U2fNi8VmXcaFLA1NfJfYCfJupcn.pdf";"не завантажено";"";"";"";"";"";"";""
"116";"4";"Роз'яснення щодо принципу оплати та обліку послуг за напрямом «Паліативна медична допомога».";"WxHndQIwNB0pnXegTZfeF0MM72sqQv0O9WpvdAu0.pdf";"pdf";"https://backend.nszu.gov.ua/storage/application/25/09/10/WxHndQIwNB0pnXegTZfeF0MM72sqQv0O9WpvdAu0.pdf";"не завантажено";"";"";"";"";"";"";""
"117";"4";"Роз’яснення щодо принципу оплати послуг за пакетом медичних послуг «Лікування дорослих та дітей методом трансплантації гемопоетичних стовбурових клітин» — Додаток до роз'яснення";"m32moCBdLyDJJHlFFROAgzmvYUuFIgyfLBIaInGm.docx";"docx";"https://backend.nszu.gov.ua/storage/application/25/09/10/m32moCBdLyDJJHlFFROAgzmvYUuFIgyfLBIaInGm.docx";"не завантажено";"";"";"";"";"";"";""
"118";"4";"Роз’яснення щодо принципу оплати послуг за пакетом медичних послуг «Лікування дорослих та дітей методом трансплантації органів» — Додаток до роз'яснення";"bernaDuP2EN0kScpaxk8SMlN1LU6JKmQwZnOwOTp.docx";"docx";"https://backend.nszu.gov.ua/storage/application/25/09/10/bernaDuP2EN0kScpaxk8SMlN1LU6JKmQwZnOwOTp.docx";"не завантажено";"";"";"";"";"";"";""
"119";"4";"Роз'яснення щодо принципів оплати медичних послуг за пакетом «Медична допомога новонародженим у складних неонатальних випадках»";"HqrPbz1Uc6Vsd2jGaW6ny0OmJSlZdwBA7dNr4QQr.pdf";"pdf";"https://backend.nszu.gov.ua/storage/application/25/09/10/HqrPbz1Uc6Vsd2jGaW6ny0OmJSlZdwBA7dNr4QQr.pdf";"не завантажено";"";"";"";"";"";"";""
"120";"4";"Роз'яснення щодо запровадження нових підгруп складності в деяких хірургічних діагностично-споріднених групах (ДСГ) та нових вагових коефіцієнтів за пакетом «Хірургічні операції дорослим та дітям у стаціонарних умовах».";"s3Qj3LxiTQxG8VraIgTxBRT4f7n0CgpIoDV01J4n.pdf";"pdf";"https://backend.nszu.gov.ua/storage/application/25/09/10/s3Qj3LxiTQxG8VraIgTxBRT4f7n0CgpIoDV01J4n.pdf";"не завантажено";"";"";"";"";"";"";""
"121";"5";"Роз'яснення щодо надання переліку каналів за якими Ви можете повідомити про можливі порушення антикорупційного законодавства працівниками Національної служби здоров’я України";"fhWcwcCxwOWHCGTV7y9O4aJrJvCTDsTPrUiLDPm1.pdf";"pdf";"https://backend.nszu.gov.ua/storage/application/25/09/10/fhWcwcCxwOWHCGTV7y9O4aJrJvCTDsTPrUiLDPm1.pdf";"не завантажено";"";"";"";"";"";"";""
"122";"5";"Роз'яснення щодо інформування що НСЗУ укладає, змінює та припиняє договори, відповідно до Порядку укладення, зміни та припинення договору про медичне обслуговування населення за програмою медичних гарантій, затвердженого постановою Кабінету Міністрів України від 25.04.2018 №410";"3iBTQFsMnPke5ug2foxkMLywqkvqWra7iCiUAlE4.pdf";"pdf";"https://backend.nszu.gov.ua/storage/application/25/09/10/3iBTQFsMnPke5ug2foxkMLywqkvqWra7iCiUAlE4.pdf";"не завантажено";"";"";"";"";"";"";""
"123";"5";"Роз'яснення щодо дій надавачів медичних послуг в межах процедури перевірки відповідності надавача медичних послуг вимогам до спеціалізації та якості фахівців, що включені до умов закупівлі медичних послуг за договорами про медичне обслуговування населення за програмою медичних гарантій";"ETanwh49ARmF7LqRJHywOMPL9JhACS9l1p5i8CS5.pdf";"pdf";"https://backend.nszu.gov.ua/storage/application/25/09/10/ETanwh49ARmF7LqRJHywOMPL9JhACS9l1p5i8CS5.pdf";"не завантажено";"";"";"";"";"";"";""
"124";"5";"Роз'яснення щодо питання забезпечення перекладу на українську жестову мову (з української жестової мови) для пацієнтів з порушеннями слуху";"1JmGitYKoCvLhifKxJIRO1KIaJBlmY94SCLiXJFV.pdf";"pdf";"https://backend.nszu.gov.ua/storage/application/25/09/10/1JmGitYKoCvLhifKxJIRO1KIaJBlmY94SCLiXJFV.pdf";"не завантажено";"";"";"";"";"";"";""
"125";"5";"Роз'яснення щодо змін за пакетом медичних послуг ""Медичний огляд осіб, який організовується територіальними центрами комплектування та соціальної підтримки""";"Mrh39MVcsNUoBBdFYdNpSmIOYhKUwJIZaF8H8nqb.pdf";"pdf";"https://backend.nszu.gov.ua/storage/application/25/09/10/Mrh39MVcsNUoBBdFYdNpSmIOYhKUwJIZaF8H8nqb.pdf";"не завантажено";"";"";"";"";"";"";""
"126";"5";"Роз'яснення щодо змін за пакетом медичних послуг ""Медичний огляд осіб, який організовується територіальними центрами комплектування та соціальної підтримки"", а також щодо правил ведення електронних медичних записів (далі - ЕМЗ) в електронній системі охорони здоров'я (далі - ЕСОЗ)";"8clTQfum5Vrf9kF8ZnyMIOKP1fzi8Y1aQQAOB5gb.pdf";"pdf";"https://backend.nszu.gov.ua/storage/application/25/09/10/8clTQfum5Vrf9kF8ZnyMIOKP1fzi8Y1aQQAOB5gb.pdf";"не завантажено";"";"";"";"";"";"";""
"127";"5";"Роз'яснення для аптечних закладів щодо інформаційної системи НСЗУ";"ccgU9Qj8kjpkjvwlWtnv2Yea7Ut7G9GwiRDT6b3a.pdf";"pdf";"https://backend.nszu.gov.ua/storage/application/25/09/10/ccgU9Qj8kjpkjvwlWtnv2Yea7Ut7G9GwiRDT6b3a.pdf";"не завантажено";"";"";"";"";"";"";""
"128";"5";"Роз'яснення щодо внесення змін до договору за відповідним напрямом через систему Smart Tender";"E166k72Qq5SCk24xvWpww2BaZo6s4b9yMXKqNkSx.pdf";"pdf";"https://backend.nszu.gov.ua/storage/application/25/09/10/E166k72Qq5SCk24xvWpww2BaZo6s4b9yMXKqNkSx.pdf";"не завантажено";"";"";"";"";"";"";""
"129";"5";"Роз’ясненя щодо порядку ведення електронних медичних записів в амбулаторних умовах — Додаток 4: Перелік інтервенцій які мають кодуватись в межах плану лікування";"IkeQ1DKfqCBZMz5N8Pk5lZt5lOqS4rPEqukDacDj.pdf";"pdf";"https://backend.nszu.gov.ua/storage/application/25/09/10/IkeQ1DKfqCBZMz5N8Pk5lZt5lOqS4rPEqukDacDj.pdf";"не завантажено";"";"";"";"";"";"";""
"130";"5";"Роз’ясненя щодо порядку ведення електронних медичних записів в амбулаторних умовах — Додаток 3: Клінічні напрями та відповідні коди інтервенцій";"9d8IFTpCPPe1FF9GRtwf0OmWEPTXbo2x52FZGGYk.pdf";"pdf";"https://backend.nszu.gov.ua/storage/application/25/09/10/9d8IFTpCPPe1FF9GRtwf0OmWEPTXbo2x52FZGGYk.pdf";"не завантажено";"";"";"";"";"";"";""
"131";"5";"Роз’ясненя щодо порядку ведення електронних медичних записів в амбулаторних умовах — Додаток 2: Дослідження, які з 01.06.2023 року будуть прийматись до оплати тільки при наявності в медичному записі інформації про визначення конкретного метаболіта/біосубстрата та результату дослідження";"hhhPULarNfmTLu2jSlL9xba5JorNxFRUhfXfzpnb.pdf";"pdf";"https://backend.nszu.gov.ua/storage/application/25/09/10/hhhPULarNfmTLu2jSlL9xba5JorNxFRUhfXfzpnb.pdf";"не завантажено";"";"";"";"";"";"";""
"132";"5";"Роз’ясненя щодо порядку ведення електронних медичних записів в амбулаторних умовах — Додаток 1: Тип медичного запису для внесення в ЕСОЗ";"f7YMLrAGzeOIXLvZICiwWf176OtzubdZtQxWtMU1.pdf";"pdf";"https://backend.nszu.gov.ua/storage/application/25/09/10/f7YMLrAGzeOIXLvZICiwWf176OtzubdZtQxWtMU1.pdf";"не завантажено";"";"";"";"";"";"";""
"133";"5";"Додаткове роз'яснення по е-направленнях";"hQuRv8ane9GZqKZu5DAAtSHUn1OWU2BoFo6LSHKO.pdf";"pdf";"https://backend.nszu.gov.ua/storage/application/25/09/10/hQuRv8ane9GZqKZu5DAAtSHUn1OWU2BoFo6LSHKO.pdf";"не завантажено";"";"";"";"";"";"";""
"134";"5";"Інформування про зміни в обліку та оплаті послуг за пакетами — Додаток: перелік інтервенцій";"9quBZUSmGpL8JakR95WYm81w3LD4J03gvgGocq19.xlsx";"xlsx";"https://backend.nszu.gov.ua/storage/application/25/09/10/9quBZUSmGpL8JakR95WYm81w3LD4J03gvgGocq19.xlsx";"не завантажено";"";"";"";"";"";"";""
"135";"5";"Інформування про зміни в обліку та оплаті послуг за пакетами";"kNAxvonrN2WSZkw4zSJhFGcZZTgkcSPT9U1aZJ5a.pdf";"pdf";"https://backend.nszu.gov.ua/storage/application/25/09/10/kNAxvonrN2WSZkw4zSJhFGcZZTgkcSPT9U1aZJ5a.pdf";"не завантажено";"";"";"";"";"";"";""
"136";"5";"Роз'яснення щодо виправлення помилок при веденні електронних медичних записів";"DOGAbSiCiPrW2B84LNqkNIipBEkYCIN27R5xTLus.pdf";"pdf";"https://backend.nszu.gov.ua/storage/application/25/09/10/DOGAbSiCiPrW2B84LNqkNIipBEkYCIN27R5xTLus.pdf";"не завантажено";"";"";"";"";"";"";""
"137";"5";"Інструкція «Інформація про обіг антитромботичних лікарських засобів (B01A D ферменти) у закладі охорони здоров’я»";"M5iGXFcRnktMPIllmsAisIMli3Vv5GDRijB100Ud.pdf";"pdf";"https://backend.nszu.gov.ua/storage/application/25/09/10/M5iGXFcRnktMPIllmsAisIMli3Vv5GDRijB100Ud.pdf";"не завантажено";"";"";"";"";"";"";""
"138";"5";"Лист надавачам медичних послуг від 04.07.2023 № 23379/6-15-23 щодо звітування щодо обігу лікарських засобів для тромболітичної терапії";"q9mGkZDKMMuYEfz5WdZI0o750FTrlBFE0qixPnsH.pdf";"pdf";"https://backend.nszu.gov.ua/storage/application/25/09/10/q9mGkZDKMMuYEfz5WdZI0o750FTrlBFE0qixPnsH.pdf";"не завантажено";"";"";"";"";"";"";""
"139";"5";"Лист аптечним закладам щодо відпуску лікарських засобів, які підлягають реімбурсації, за паперовими рецептами лікарів з 01.07.2023 - 22108/4-15-23 від 21.06.2023";"MRExZm5QZfRdNOXtnDQ54SjqClR9RW6HGmjyVhfv.pdf";"pdf";"https://backend.nszu.gov.ua/storage/application/25/09/10/MRExZm5QZfRdNOXtnDQ54SjqClR9RW6HGmjyVhfv.pdf";"не завантажено";"";"";"";"";"";"";""
"140";"5";"Лист 22109/4-15-23 від 21.06.2023 направлено надавачам медичних послуг щодо виписування паперових рецептів на лікарські засоби, які підлягають реімбурсації, з 01.07.2023";"a2jGBb5LW8mtymBLEuh9w3GT0CQUCsScDWI421H8.pdf";"pdf";"https://backend.nszu.gov.ua/storage/application/25/09/10/a2jGBb5LW8mtymBLEuh9w3GT0CQUCsScDWI421H8.pdf";"не завантажено";"";"";"";"";"";"";""
"141";"5";"Додаткові роз’ясненя щодо ведення електронних медичних записів в амбулаторних умовах";"InMpJfoMDT9iOCmAt5mREhLgaMycS4n2NJwPjp98.zip";"zip";"https://backend.nszu.gov.ua/storage/application/25/09/10/InMpJfoMDT9iOCmAt5mREhLgaMycS4n2NJwPjp98.zip";"не завантажено";"";"";"";"";"";"";""
"142";"5";"Додаткове роз’яснення щодо принципу оплати послуг та правил ведення ЕМЗ в ЕСОЗ за пакетом медичних послуг «Лікування осіб із психічними та поведінковими розладами внаслідок вживання опіоїдів із використанням препаратів замісної підтримувальної терапії»";"dqS46zEXpC5gtQEAOOkwNUmbDwQqsDPUC3qAF09A.pdf";"pdf";"https://backend.nszu.gov.ua/storage/application/25/09/10/dqS46zEXpC5gtQEAOOkwNUmbDwQqsDPUC3qAF09A.pdf";"не завантажено";"";"";"";"";"";"";""
"143";"5";"Роз’яснення щодо принципу оплати послуг та правил ведення ЕМЗ в ЕСОЗ за пакетом медичних послуг «Медичний огляд осіб, який організовується територіальними центрами комплектування та соціальної підтримки»";"hGX3LF4qBaLGIMH9sUJtxe9GXiBSBpjaGeQ06At7.pdf";"pdf";"https://backend.nszu.gov.ua/storage/application/25/09/10/hGX3LF4qBaLGIMH9sUJtxe9GXiBSBpjaGeQ06At7.pdf";"не завантажено";"";"";"";"";"";"";""
"144";"5";"Роз’яснення щодо послуг, оплачених за рахунок коштів інших джерел";"yVTXquy5hfpHqdjJRiGOBsZPGVyffRLfaGXMnLpm.pdf";"pdf";"https://backend.nszu.gov.ua/storage/application/25/09/10/yVTXquy5hfpHqdjJRiGOBsZPGVyffRLfaGXMnLpm.pdf";"не завантажено";"";"";"";"";"";"";""
"145";"5";"Роз’яснення щодо надання медичних послуг пацієнтам з розладами психіки та поведінки на первинному рівні медичної допомоги та правил ведення електронних медичних записів";"URCzisQMJPeK6MdfI2t7FScwG6YJtFDQ3BHzVPCm.pdf";"pdf";"https://backend.nszu.gov.ua/storage/application/25/09/10/URCzisQMJPeK6MdfI2t7FScwG6YJtFDQ3BHzVPCm.pdf";"не завантажено";"";"";"";"";"";"";""
"146";"5";"Роз'яснення щодо амбулаторних електронно-медичних записів";"XmW5OPOWAzm6V1BKK7YeOsLyxqjN72rrAZeO5ITO.pdf";"pdf";"https://backend.nszu.gov.ua/storage/application/25/09/10/XmW5OPOWAzm6V1BKK7YeOsLyxqjN72rrAZeO5ITO.pdf";"не завантажено";"";"";"";"";"";"";""
"147";"5";"Роз’яснення щодо коригування фактичної вартості медичних послуг за пакетами — Додаток";"iG2UmNVuI4LP7dRceHpDfDKhT5IrzTOEcg2h1eMl.xlsx";"xlsx";"https://backend.nszu.gov.ua/storage/application/25/09/10/iG2UmNVuI4LP7dRceHpDfDKhT5IrzTOEcg2h1eMl.xlsx";"не завантажено";"";"";"";"";"";"";""
"148";"5";"Роз’яснення щодо коригування фактичної вартості медичних послуг за пакетами";"x4F6GCZ2BPay3zmGYjsyIhwSNx3JKasP8kb0A10X.pdf";"pdf";"https://backend.nszu.gov.ua/storage/application/25/09/10/x4F6GCZ2BPay3zmGYjsyIhwSNx3JKasP8kb0A10X.pdf";"не завантажено";"";"";"";"";"";"";""
"149";"5";"Роз’яснення щодо подання пропозицій на тендер ""Внесення змін"" у звязку з реорганізацією";"KitK6pNm81N7KzXnLKZ94XM3jnCcEWuzgIdqSW4U.pdf";"pdf";"https://backend.nszu.gov.ua/storage/application/25/09/10/KitK6pNm81N7KzXnLKZ94XM3jnCcEWuzgIdqSW4U.pdf";"не завантажено";"";"";"";"";"";"";""
"150";"5";"Роз’яснення стосовно контрактування та оплати послуг за пакетами з надання реабілітаційної та паліативної допомоги";"RqUkjIYvIXLY3VxYQXyZ4hzr6hepwHJsYQK4LMqK.pdf";"pdf";"https://backend.nszu.gov.ua/storage/application/25/09/10/RqUkjIYvIXLY3VxYQXyZ4hzr6hepwHJsYQK4LMqK.pdf";"не завантажено";"";"";"";"";"";"";""
"151";"6";"Роз'яснення щодо подання пропозицій про внесення змін до договору за відповідним напрямом через систему Smart Tender";"vKTYXD79aq6mFBA6QWRU6mZKtT3sPprSCqocxzhQ.pdf";"pdf";"https://backend.nszu.gov.ua/storage/application/25/09/10/vKTYXD79aq6mFBA6QWRU6mZKtT3sPprSCqocxzhQ.pdf";"не завантажено";"";"";"";"";"";"";""
"152";"6";"Роз'яснення надавачам спеціалізованої медичної допомоги щодо виписування паперових рецептів";"2ZxC1axAgTzLH5yXEKzzSmc2pK6qKPzy3lf3R1PQ.pdf";"pdf";"https://backend.nszu.gov.ua/storage/application/25/09/10/2ZxC1axAgTzLH5yXEKzzSmc2pK6qKPzy3lf3R1PQ.pdf";"не завантажено";"";"";"";"";"";"";""
"153";"6";"Роз'яснення надавачам первинної медичної допомоги щодо виписування паперових рецептів";"LrVwNAYzuKwJpMOlUNeAduVvf9QjLelEBqNV1tAJ.pdf";"pdf";"https://backend.nszu.gov.ua/storage/application/25/09/10/LrVwNAYzuKwJpMOlUNeAduVvf9QjLelEBqNV1tAJ.pdf";"не завантажено";"";"";"";"";"";"";""
"154";"6";"Роз’яснення щодо принципу оплати послуг за пакетом медичних послуг «Профілактика, діагностика, спостереження та лікування в амбулаторних умовах» — Додаток 6. Перелік інтервенцій, що входять в категорії";"8VrR5YvsWUWcV5MtHnppzGLP8ODbDW6wdlqBSK8o.docx";"docx";"https://backend.nszu.gov.ua/storage/application/25/09/10/8VrR5YvsWUWcV5MtHnppzGLP8ODbDW6wdlqBSK8o.docx";"не завантажено";"";"";"";"";"";"";""
"155";"6";"Роз’яснення щодо принципу оплати послуг за пакетом медичних послуг «Профілактика, діагностика, спостереження та лікування в амбулаторних умовах» — Додаток 5. Коди інтервенцій та лікарі-спеціалісти, які повинні їх обліковувати";"aYRIY50ffnJ28UzGRKfqwQJ947IusjLLmekxt2o4.docx";"docx";"https://backend.nszu.gov.ua/storage/application/25/09/10/aYRIY50ffnJ28UzGRKfqwQJ947IusjLLmekxt2o4.docx";"не завантажено";"";"";"";"";"";"";""
"156";"6";"Роз’яснення щодо принципу оплати послуг за пакетом медичних послуг «Профілактика, діагностика, спостереження та лікування в амбулаторних умовах» — Додаток 4. Уточнюючі правила до кодування деяких інтервенцій";"0iv8Cun3buTM427o9F9ltHWK3QZbH6LZNuLPd4QA.docx";"docx";"https://backend.nszu.gov.ua/storage/application/25/09/10/0iv8Cun3buTM427o9F9ltHWK3QZbH6LZNuLPd4QA.docx";"не завантажено";"";"";"";"";"";"";""
"157";"6";"Роз’яснення щодо принципу оплати послуг за пакетом медичних послуг «Профілактика, діагностика, спостереження та лікування в амбулаторних умовах» — Додаток 3. Інтервенції , які не оплачуються";"o69nu92n8h1WbJsANexZcuaYMRQUEeEfXiAY86ab.docx";"docx";"https://backend.nszu.gov.ua/storage/application/25/09/10/o69nu92n8h1WbJsANexZcuaYMRQUEeEfXiAY86ab.docx";"не завантажено";"";"";"";"";"";"";""
"158";"6";"Роз’яснення щодо принципу оплати послуг за пакетом медичних послуг «Профілактика, діагностика, спостереження та лікування в амбулаторних умовах» — Додаток 1. Діагнози, що відносяться до типу епізоду «Профілактика»";"c4qsOZxMq8JopHvrRHjI08ouK3PcQHYapIf02lDw.docx";"docx";"https://backend.nszu.gov.ua/storage/application/25/09/10/c4qsOZxMq8JopHvrRHjI08ouK3PcQHYapIf02lDw.docx";"не завантажено";"";"";"";"";"";"";""
"159";"6";"Роз'яснення щодо деяких питань із внесення змін до договорів про медичне обслуговування населення за програмою медичних гарантій щодо вторинної (спеціалізованої) та третинної (високоспеціалізованої) медичної допомоги у зв’язку з реорганізацією";"uZHbYKN8B9uvSEbsOGNQxF7mNP28hIkRh5dPCIv5.pdf";"pdf";"https://backend.nszu.gov.ua/storage/application/25/09/10/uZHbYKN8B9uvSEbsOGNQxF7mNP28hIkRh5dPCIv5.pdf";"не завантажено";"";"";"";"";"";"";""
"160";"6";"Роз'яснення щодо ведення електронних медичних записів";"DLQSJE7AYV957TwNVP0QYVcFBmcETozCFmug1PA1.pdf";"pdf";"https://backend.nszu.gov.ua/storage/application/25/09/10/DLQSJE7AYV957TwNVP0QYVcFBmcETozCFmug1PA1.pdf";"не завантажено";"";"";"";"";"";"";""
"161";"6";"Лист надавачам щодо збереження чинності Декларацій при реорганізації надавача медичних послуг шляхом приєднаня, виділу або поділу — Додаток 1. Офіційний бланк закладу охорони здоров'я";"96FbCTa979BwXpzQ2Tdpd9b3VnWgfyqqufrRSx8c.pdf";"pdf";"https://backend.nszu.gov.ua/storage/application/25/09/10/96FbCTa979BwXpzQ2Tdpd9b3VnWgfyqqufrRSx8c.pdf";"не завантажено";"";"";"";"";"";"";""
"162";"6";"Лист надавачам щодо збереження чинності Декларацій при реорганізації надавача медичних послуг шляхом приєднаня, виділу або поділу";"CbQzTxTPmUjTPdmWaX9jPPK2qnGD7PvdD94L2lwn.pdf";"pdf";"https://backend.nszu.gov.ua/storage/application/25/09/10/CbQzTxTPmUjTPdmWaX9jPPK2qnGD7PvdD94L2lwn.pdf";"не завантажено";"";"";"";"";"";"";""
"163";"6";"Роз'яснення щодо звітування про верифікацію електронних медичних записів";"cdfwsEQLVU0H3zzCXhuB789WxSQrvVeUuDymqewv.pdf";"pdf";"https://backend.nszu.gov.ua/storage/application/25/09/10/cdfwsEQLVU0H3zzCXhuB789WxSQrvVeUuDymqewv.pdf";"не завантажено";"";"";"";"";"";"";""
"164";"6";"Роз'яснення щодо звітування про проведені секційні дослідження";"u1VYSSPgCvPGZ6Qn4VvO6gWF5v8u0VKiieJpHj6B.pdf";"pdf";"https://backend.nszu.gov.ua/storage/application/25/09/10/u1VYSSPgCvPGZ6Qn4VvO6gWF5v8u0VKiieJpHj6B.pdf";"не завантажено";"";"";"";"";"";"";""
"165";"6";"Роз’яснення щодо принципу оплати медичних послуг за пакетами «Бронхоскопія», «Гістероскопія», «Езофагогастродуоденоскопія», «Колоноскопія», «Цистоскопія»";"jffFbrvpfy2E7aEBAmKxodiZqaluNlhBSclpBwPh.pdf";"pdf";"https://backend.nszu.gov.ua/storage/application/25/09/10/jffFbrvpfy2E7aEBAmKxodiZqaluNlhBSclpBwPh.pdf";"не завантажено";"";"";"";"";"";"";""
"166";"6";"Роз'яснення щодо принципу оплати медичних послуг за пакетом ""Лікування та супровід пацієнтів з гематологічними та онкогематологічними захворюваннями в стаціонарних та амбулаторних умовах""";"WISjk8e0eBYItWeChnxa9UvAxp3XSA0vjzZ6pGyW.pdf";"pdf";"https://backend.nszu.gov.ua/storage/application/25/09/10/WISjk8e0eBYItWeChnxa9UvAxp3XSA0vjzZ6pGyW.pdf";"не завантажено";"";"";"";"";"";"";""
"167";"6";"Роз'яснення щодо принципу оплати медичних послуг за пакетом ""Хіміотерапевтичне лікування та супровід пацієнтів з онкологічними захворюваннями у стаціонарних та амбулаторних умовах""";"nszOlna1NoC4NsZsDMqeADJidqZW9SuzQQc4Dre1.pdf";"pdf";"https://backend.nszu.gov.ua/storage/application/25/09/10/nszOlna1NoC4NsZsDMqeADJidqZW9SuzQQc4Dre1.pdf";"не завантажено";"";"";"";"";"";"";""
"168";"6";"Роз'яснення щодо принципу оплати медичних послуг за пакетом ""Супровід та лікування дорослих та дітей, хворих на туберкульоз, на первинному рівні медичної допомоги""";"RyX4VoU5LADNqh9a4LQhIJvAMUJTLtFIhGThrYWs.pdf";"pdf";"https://backend.nszu.gov.ua/storage/application/25/09/10/RyX4VoU5LADNqh9a4LQhIJvAMUJTLtFIhGThrYWs.pdf";"не завантажено";"";"";"";"";"";"";""
"169";"6";"Роз'яснення щодо принципу оплати послуг за пакетом ""Медична допомога при гострому мозковому інсульті""";"Czx41pmxq7AbBu5AWKT4q4Ht0YkWLPumqRmx3dNU.pdf";"pdf";"https://backend.nszu.gov.ua/storage/application/25/09/10/Czx41pmxq7AbBu5AWKT4q4Ht0YkWLPumqRmx3dNU.pdf";"не завантажено";"";"";"";"";"";"";""
"170";"6";"Роз'яснення щодо принципу оплати послуг за пакетом ""Медична допомога при гострому інфаркті міокарда""";"7nTUpWVOoSh7qFllN2g9RcwpdNuKKGXI0wNSWj6Y.pdf";"pdf";"https://backend.nszu.gov.ua/storage/application/25/09/10/7nTUpWVOoSh7qFllN2g9RcwpdNuKKGXI0wNSWj6Y.pdf";"не завантажено";"";"";"";"";"";"";""
"171";"6";"Роз'яснення щодо принципу оплати послуг за пакетом ""Психіатрична допомога дорослим та дітям у стаціонарних умовах""";"oHoBFO5cnzXtZNovUPiHdfyTIa2YEuDvll9fwqY2.pdf";"pdf";"https://backend.nszu.gov.ua/storage/application/25/09/10/oHoBFO5cnzXtZNovUPiHdfyTIa2YEuDvll9fwqY2.pdf";"не завантажено";"";"";"";"";"";"";""
"172";"6";"Роз'яснення щодо принципу оплати послуг за пакетом ""Медична реабілітація немовлят, які народилися передчасно та/або хворими, протягом перших трьох років життя""";"I0E6Urs4m1rBsybW8FebdyHdMhYzuXE69lgcJclB.pdf";"pdf";"https://backend.nszu.gov.ua/storage/application/25/09/10/I0E6Urs4m1rBsybW8FebdyHdMhYzuXE69lgcJclB.pdf";"не завантажено";"";"";"";"";"";"";""
"173";"6";"Роз'яснення щодо принципу оплати послуг в рамках пакету «Лікування пацієнтів методом гемодіалізу в амбулаторних умовах»";"y6nOGBmW8lNW0CuRjPS3KUtGHdPSRGjOYVC7FYhy.pdf";"pdf";"https://backend.nszu.gov.ua/storage/application/25/09/10/y6nOGBmW8lNW0CuRjPS3KUtGHdPSRGjOYVC7FYhy.pdf";"не завантажено";"";"";"";"";"";"";""
"174";"6";"Роз'яснення щодо принципу оплати послуг за пакетом ""Лікування пацієнтів методом перитонеального діалізу в амбулаторних умовах""";"65pNkM3j0uQMGaSCamV2WbZPnetC9A4RUMSkcrk7.pdf";"pdf";"https://backend.nszu.gov.ua/storage/application/25/09/10/65pNkM3j0uQMGaSCamV2WbZPnetC9A4RUMSkcrk7.pdf";"не завантажено";"";"";"";"";"";"";""
"175";"6";"Роз'яснення щодо механізму створення електронних медичних записів (далі - ЕМЗ) при необхідності надання додаткових медичних послуг під час оцінюванні експертними командами повсякденного функціонування особи";"6Ell1lSe2bdVerKqDuEuPPi7Q13gGBjPzhgVH3xx.pdf";"pdf";"https://backend.nszu.gov.ua/storage/application/25/09/10/6Ell1lSe2bdVerKqDuEuPPi7Q13gGBjPzhgVH3xx.pdf";"не завантажено";"";"";"";"";"";"";""
